"term","estimate","std.error","statistic","p.value"
"(Intercept)",179.257878914966,8.02839599949558,22.3279816947531,4.87183624810086e-77
"Blutverlust",-0.0740294069779487,0.0436886493326671,-1.69447689751752,0.0907998915280327
